discovery_country,hostname,example_source_url,notion_evidence_page,status,next_action
"Austria","wko.at","https://www.wko.at/security-defence-aviation-technology-austria/schiebel-elektronische-geraete-gmbh","https://app.notion.com/p/3f4c42d0b11b81b4ba95fd45a7d8df97","candidate_unverified","RSS/API/Web to inspect"
"Austria","gdels.com","https://www.gdels.com/en/media/news/austrian-ministry-of-defense-orders-225-pandur-evo-from-gdels-steyr-um08pdf7y5pyjq1pp8jjp422","https://app.notion.com/p/3f4c42d0b11b81b4ba95fd45a7d8df97","candidate_unverified","RSS/API/Web to inspect"
"Austria","advantageaustria.org","https://www.advantageaustria.org/gb/company/en/hirtenberger-defence-systems-gmbh-co-kg","https://app.notion.com/p/3f4c42d0b11b81b4ba95fd45a7d8df97","candidate_unverified","RSS/API/Web to inspect"
"Austria","rheinmetall.com","https://www.rheinmetall.com/en/company/subsidiaries/rheinmetall-waffe-munition-arges/about-us","https://app.notion.com/p/3f4c42d0b11b81b4ba95fd45a7d8df97","candidate_unverified","RSS/API/Web to inspect"
"Austria","industriemagazin.at","https://industriemagazin.at/ruestung/rheinmetall-wien-bundeswehr-militaer-lkw-milliardenauftrag/","https://app.notion.com/p/3f4c42d0b11b81b4ba95fd45a7d8df97","candidate_unverified","RSS/API/Web to inspect"
"Austria","de.finance.yahoo.com","https://de.finance.yahoo.com/quote/FQT.F/profile","https://app.notion.com/p/3f4c42d0b11b81b4ba95fd45a7d8df97","candidate_unverified","RSS/API/Web to inspect"
"Austria","leonardo.com","https://leonardo.com/en/press-release-detail/-/detail/leonardo-e-diamond-aircraft-insieme-per-offrire-una-variante-da-pattugliamento-marittimo-del-velivolo-da62","https://app.notion.com/p/3f4c42d0b11b81b4ba95fd45a7d8df97","candidate_unverified","RSS/API/Web to inspect"
"Austria","diamondaircraft.com","https://www.diamondaircraft.com/en/austro-engine","https://app.notion.com/p/3f4c42d0b11b81b4ba95fd45a7d8df97","candidate_unverified","RSS/API/Web to inspect"
"Austria","upperaustria.com","https://www.upperaustria.com/en/oesterreich-poi/detail/430028833/facc-ag.html","https://app.notion.com/p/3f4c42d0b11b81b4ba95fd45a7d8df97","candidate_unverified","RSS/API/Web to inspect"
"Austria","simplywall.st","https://simplywall.st/stocks/at/capital-goods/vie-facc/facc-shares/ownership","https://app.notion.com/p/3f4c42d0b11b81b4ba95fd45a7d8df97","candidate_unverified","RSS/API/Web to inspect"
"Austria","msm.sk","https://www.msm.sk/?p=8564","https://app.notion.com/p/3f4c42d0b11b81b4ba95fd45a7d8df97","candidate_unverified","RSS/API/Web to inspect"
"Austria","militaeraktuell.at","https://militaeraktuell.at/en/airborne-technologies-isr-specialist-becomes-part-of-the-airbus-a400m-program/","https://app.notion.com/p/3f4c42d0b11b81b4ba95fd45a7d8df97","candidate_unverified","RSS/API/Web to inspect"
"Austria","rsbcgroup.com","https://rsbcgroup.com/en/media/rsbc-acquires-leading-european-arms-manufacturer-austrian-steyr-arms","https://app.notion.com/p/3f4c42d0b11b81b4ba95fd45a7d8df97","candidate_unverified","RSS/API/Web to inspect"
"Austria","ffg.at","https://www.ffg.at/en/content/austrian-aerospace-technology-0","https://app.notion.com/p/3f4c42d0b11b81b4ba95fd45a7d8df97","candidate_unverified","RSS/API/Web to inspect"
"Austria","drones-magazin.de","https://www.drones-magazin.de/en/articles/industry-meeting-point/","https://app.notion.com/p/3f4c42d0b11b81b4ba95fd45a7d8df97","candidate_unverified","RSS/API/Web to inspect"
"Austria","bmwet.gv.at","https://www.bmwet.gv.at/Ministerium/Rechtsvorschriften/aussenwirtschaftsrecht/Rechtsgrundlagen_Aussenwirtschaft.html","https://app.notion.com/p/3f4c42d0b11b81b4ba95fd45a7d8df97","candidate_unverified","RSS/API/Web to inspect"
"Austria","ris.bka.gv.at","https://ris.bka.gv.at/eli/bgbl/I/2012/10","https://app.notion.com/p/3f4c42d0b11b81b4ba95fd45a7d8df97","candidate_unverified","RSS/API/Web to inspect"
"Austria","aws.at","https://www.aws.at/en/aws-venture-capital-initiative/","https://app.notion.com/p/3f4c42d0b11b81b4ba95fd45a7d8df97","candidate_unverified","RSS/API/Web to inspect"
"Austria","govinfo.gov","https://www.govinfo.gov/content/pkg/FR-2026-06-10/html/2026-11571.htm","https://app.notion.com/p/3f4c42d0b11b81b4ba95fd45a7d8df97","candidate_unverified","RSS/API/Web to inspect"
"Austria","news.lockheedmartin.com","https://news.lockheedmartin.com/2025-12-02-Lockheed-Martin-Blackshark-ai-Debut-Next-Gen-Image-Generator-Powered-by-Unreal-Engine?asPDF=1","https://app.notion.com/p/3f4c42d0b11b81b4ba95fd45a7d8df97","candidate_unverified","RSS/API/Web to inspect"
"Austria","idsf.io","https://idsf.io/exhibitors/icsl/","https://app.notion.com/p/3f4c42d0b11b81b4ba95fd45a7d8df97","candidate_unverified","RSS/API/Web to inspect"
"Austria","evi.gv.at","https://www.evi.gv.at/f/532289d","https://app.notion.com/p/3f4c42d0b11b81b4ba95fd45a7d8df97","candidate_unverified","RSS/API/Web to inspect"
"Austria","projekte.ffg.at","https://projekte.ffg.at/projekt/5125278/pdf","https://app.notion.com/p/3f4c42d0b11b81b4ba95fd45a7d8df97","candidate_unverified","RSS/API/Web to inspect"
"Austria","en.aletihad.ae","https://en.aletihad.ae/news/business/4552823/austria-maintains-eur-2-9-billion-in-annual-defence-producti","https://app.notion.com/p/3f4c42d0b11b81b4ba95fd45a7d8df97","candidate_unverified","RSS/API/Web to inspect"
"Austria","trade.gov","https://www.trade.gov/market-intelligence/austria-defense-modernization","https://app.notion.com/p/3f4c42d0b11b81b4ba95fd45a7d8df97","candidate_unverified","RSS/API/Web to inspect"
"Austria","gpv-group.com","https://gpv-group.com/media/newsroom/interim-financial-report-q2-2025-q2-financial-report-underlines-ongoing-market-normalisation/","https://app.notion.com/p/3f4c42d0b11b81b4ba95fd45a7d8df97","candidate_unverified","RSS/API/Web to inspect"
"Austria","rosenbauer.com","https://www.rosenbauer.com/en/news/news-hub/specialist-press/2024/07/rosenbauer-erhaelt-panther-grossauftrag-der-deutschen-bundeswehr","https://app.notion.com/p/3f4c42d0b11b81b4ba95fd45a7d8df97","candidate_unverified","RSS/API/Web to inspect"
"Belgium","agoria.be","https://www.agoria.be/en/themes/industry-clusters/aerospace-safety-security-cybersecurity-defence/defence/defence-within-agoria-stronger-together-in-military-technology","https://app.notion.com/p/3f4c42d0b11b81368a6bde842399f84e","candidate_unverified","RSS/API/Web to inspect"
"Belgium","mil.be","https://www.mil.be/en/about-belgian-defence/industry/","https://app.notion.com/p/3f4c42d0b11b81368a6bde842399f84e","candidate_unverified","RSS/API/Web to inspect"
"Belgium","fnherstal.com","https://fnherstal.com/en/defence/","https://app.notion.com/p/3f4c42d0b11b81368a6bde842399f84e","candidate_unverified","RSS/API/Web to inspect"
"Belgium","defense.johncockerill.com","https://defense.johncockerill.com/en/defense-2/","https://app.notion.com/p/3f4c42d0b11b81368a6bde842399f84e","candidate_unverified","RSS/API/Web to inspect"
"Belgium","oip.be","https://www.oip.be/oip-sensor-systems/","https://app.notion.com/p/3f4c42d0b11b81368a6bde842399f84e","candidate_unverified","RSS/API/Web to inspect"
"Belgium","sabca.be","https://www.sabca.be/","https://app.notion.com/p/3f4c42d0b11b81368a6bde842399f84e","candidate_unverified","RSS/API/Web to inspect"
"Belgium","johncockerill.com","https://johncockerill.com/en/press-and-news/news/ls2-launch-of-a-strategic-partnership/","https://app.notion.com/p/3f4c42d0b11b81368a6bde842399f84e","candidate_unverified","RSS/API/Web to inspect"
"Belgium","scioteq.com","https://www.scioteq.com/en","https://app.notion.com/p/3f4c42d0b11b81368a6bde842399f84e","candidate_unverified","RSS/API/Web to inspect"
"Belgium","safran-group.com","https://www.safran-group.com/companies/safran-aero-boosters","https://app.notion.com/p/3f4c42d0b11b81368a6bde842399f84e","candidate_unverified","RSS/API/Web to inspect"
"Belgium","bedex.brussels","https://www.bedex.brussels/nl/BedexInteractiveMap/InteractiveMap/index","https://app.notion.com/p/3f4c42d0b11b81368a6bde842399f84e","candidate_unverified","RSS/API/Web to inspect"
