notion_category,name,homepage_url,match_existing_84_by_domain,status,notes
"Media / intelligence","Defense News",https://www.defensenews.com,no,candidate_unverified,Notion Top 100; no live Inoreader account check
"Media / intelligence","Breaking Defense",https://breakingdefense.com,no,candidate_unverified,Notion Top 100; no live Inoreader account check
"Media / intelligence","Defense One",https://www.defenseone.com,no,candidate_unverified,Notion Top 100; no live Inoreader account check
"Media / intelligence","Janes",https://www.janes.com,no,candidate_unverified,Notion Top 100; no live Inoreader account check
"Media / intelligence","Naval News",https://www.navalnews.com,no,candidate_unverified,Notion Top 100; no live Inoreader account check
"Media / intelligence","Army Recognition",https://www.armyrecognition.com,no,candidate_unverified,Notion Top 100; no live Inoreader account check
"Media / intelligence","Air & Space Forces Magazine",https://www.airandspaceforces.com,no,candidate_unverified,Notion Top 100; no live Inoreader account check
"Media / intelligence","The War Zone",https://www.twz.com,no,candidate_unverified,Notion Top 100; no live Inoreader account check
"Media / intelligence","Shephard Media",https://www.shephardmedia.com,no,candidate_unverified,Notion Top 100; no live Inoreader account check
"Media / intelligence","European Security & Defence",https://euro-sd.com,no,candidate_unverified,Notion Top 100; no live Inoreader account check
"Media / intelligence","Hartpunkt",https://www.hartpunkt.de,no,candidate_unverified,Notion Top 100; no live Inoreader account check
"Media / intelligence","Opex360",https://www.opex360.com,no,candidate_unverified,Notion Top 100; no live Inoreader account check
"Media / intelligence","Aviation Week",https://aviationweek.com,no,candidate_unverified,Notion Top 100; no live Inoreader account check
"Media / intelligence","FlightGlobal",https://www.flightglobal.com,no,candidate_unverified,Notion Top 100; no live Inoreader account check
"Media / intelligence","UK Defence Journal",https://ukdefencejournal.org.uk,no,candidate_unverified,Notion Top 100; no live Inoreader account check
"Media / intelligence","Canadian Defence Review",https://canadiandefencereview.com,no,candidate_unverified,Notion Top 100; no live Inoreader account check
"Media / intelligence","Asia Pacific Defence Reporter",https://asiapacificdefencereporter.com,no,candidate_unverified,Notion Top 100; no live Inoreader account check
"Media / intelligence","Australian Defence Magazine",https://www.australiandefence.com.au,no,candidate_unverified,Notion Top 100; no live Inoreader account check
"Media / intelligence","Indian Defence Review",https://www.indiandefencereview.com,no,candidate_unverified,Notion Top 100; no live Inoreader account check
"Media / intelligence","Defense Mirror",https://www.defensemirror.com,no,candidate_unverified,Notion Top 100; no live Inoreader account check
"Governments / procurement / regulation","European Commission DG DEFIS",https://defence-industry-space.ec.europa.eu,no,candidate_unverified,Notion Top 100; no live Inoreader account check
"Governments / procurement / regulation","European Defence Agency",https://eda.europa.eu,no,candidate_unverified,Notion Top 100; no live Inoreader account check
"Governments / procurement / regulation","EU Council Press",https://www.consilium.europa.eu/en/press/,no,candidate_unverified,Notion Top 100; no live Inoreader account check
"Governments / procurement / regulation","European Parliament",https://www.europarl.europa.eu/news/en,no,candidate_unverified,Notion Top 100; no live Inoreader account check
"Governments / procurement / regulation","EU Funding & Tenders",https://ec.europa.eu/info/funding-tenders/opportunities/portal/screen/home,yes,candidate_unverified,Notion Top 100; no live Inoreader account check
"Governments / procurement / regulation","EUR-Lex",https://eur-lex.europa.eu,no,candidate_unverified,Notion Top 100; no live Inoreader account check
"Governments / procurement / regulation","NATO News",https://www.nato.int,no,candidate_unverified,Notion Top 100; no live Inoreader account check
"Governments / procurement / regulation","NATO Support and Procurement Agency",https://www.nspa.nato.int,no,candidate_unverified,Notion Top 100; no live Inoreader account check
"Governments / procurement / regulation","US Defense Department",https://www.defense.gov,no,candidate_unverified,Notion Top 100; no live Inoreader account check
"Governments / procurement / regulation","US DSCA",https://www.dsca.mil,no,candidate_unverified,Notion Top 100; no live Inoreader account check
"Governments / procurement / regulation","US State DDTC",https://www.pmddtc.state.gov,no,candidate_unverified,Notion Top 100; no live Inoreader account check
"Governments / procurement / regulation","US BIS",https://www.bis.gov,no,candidate_unverified,Notion Top 100; no live Inoreader account check
"Governments / procurement / regulation","SAM.gov",https://sam.gov,no,candidate_unverified,Notion Top 100; no live Inoreader account check
"Governments / procurement / regulation","US SBIR/STTR",https://www.sbir.gov,no,candidate_unverified,Notion Top 100; no live Inoreader account check
"Governments / procurement / regulation","UK Ministry of Defence",https://www.gov.uk/government/organisations/ministry-of-defence,yes,candidate_unverified,Notion Top 100; no live Inoreader account check
"Governments / procurement / regulation","UK Defence and Security Accelerator",https://www.gov.uk/government/organisations/defence-and-security-accelerator,yes,candidate_unverified,Notion Top 100; no live Inoreader account check
"Governments / procurement / regulation","Germany BMVg",https://www.bmvg.de,no,candidate_unverified,Notion Top 100; no live Inoreader account check
"Governments / procurement / regulation","France DGA",https://www.defense.gouv.fr/dga,no,candidate_unverified,Notion Top 100; no live Inoreader account check
"Governments / procurement / regulation","Polish Ministry of National Defence",https://www.gov.pl/web/national-defence,yes,candidate_unverified,Notion Top 100; no live Inoreader account check
"Governments / procurement / regulation","Netherlands Ministry of Defence",https://www.defensie.nl,no,candidate_unverified,Notion Top 100; no live Inoreader account check
"Governments / procurement / regulation","Canada National Defence",https://www.canada.ca/en/department-national-defence.html,yes,candidate_unverified,Notion Top 100; no live Inoreader account check
"Governments / procurement / regulation","Australia Defence",https://www.defence.gov.au,no,candidate_unverified,Notion Top 100; no live Inoreader account check
"Governments / procurement / regulation","India Ministry of Defence",https://mod.gov.in,no,candidate_unverified,Notion Top 100; no live Inoreader account check
"Governments / procurement / regulation","Malaysia MINDEF",https://www.mod.gov.my,no,candidate_unverified,Notion Top 100; no live Inoreader account check
"Governments / procurement / regulation","Saudi GAMI",https://www.gami.gov.sa,no,candidate_unverified,Notion Top 100; no live Inoreader account check
"Governments / procurement / regulation","UAE EDGE News",https://edgegroup.ae,no,candidate_unverified,Notion Top 100; no live Inoreader account check
"Industry / corporates","Lockheed Martin",https://news.lockheedmartin.com,no,candidate_unverified,Notion Top 100; no live Inoreader account check
"Industry / corporates","RTX",https://www.rtx.com/news,no,candidate_unverified,Notion Top 100; no live Inoreader account check
"Industry / corporates","Northrop Grumman",https://news.northropgrumman.com,no,candidate_unverified,Notion Top 100; no live Inoreader account check
"Industry / corporates","General Dynamics",https://www.gd.com/news,no,candidate_unverified,Notion Top 100; no live Inoreader account check
"Industry / corporates","Boeing Defense",https://www.boeing.com/defense,no,candidate_unverified,Notion Top 100; no live Inoreader account check
"Industry / corporates","BAE Systems",https://www.baesystems.com,no,candidate_unverified,Notion Top 100; no live Inoreader account check
"Industry / corporates","Rheinmetall",https://www.rheinmetall.com,no,candidate_unverified,Notion Top 100; no live Inoreader account check
"Industry / corporates","Airbus Defence & Space",https://www.airbus.com/en/products-services/defence,no,candidate_unverified,Notion Top 100; no live Inoreader account check
"Industry / corporates","Thales",https://www.thalesgroup.com,no,candidate_unverified,Notion Top 100; no live Inoreader account check
"Industry / corporates","Leonardo",https://www.leonardo.com,no,candidate_unverified,Notion Top 100; no live Inoreader account check
"Industry / corporates","Saab",https://www.saab.com,no,candidate_unverified,Notion Top 100; no live Inoreader account check
"Industry / corporates","MBDA",https://www.mbda-systems.com,no,candidate_unverified,Notion Top 100; no live Inoreader account check
"Industry / corporates","Kongsberg Defence & Aerospace",https://www.kongsberg.com/kda/,no,candidate_unverified,Notion Top 100; no live Inoreader account check
"Industry / corporates","Hanwha Aerospace",https://www.hanwhaaerospace.com,no,candidate_unverified,Notion Top 100; no live Inoreader account check
"Industry / corporates","Hyundai Rotem",https://www.hyundai-rotem.co.kr,no,candidate_unverified,Notion Top 100; no live Inoreader account check
"Industry / corporates","Anduril",https://www.anduril.com,no,candidate_unverified,Notion Top 100; no live Inoreader account check
"Industry / corporates","Shield AI",https://shield.ai,no,candidate_unverified,Notion Top 100; no live Inoreader account check
"Industry / corporates","Helsing",https://helsing.ai,no,candidate_unverified,Notion Top 100; no live Inoreader account check
"Industry / corporates","Quantum Systems",https://quantum-systems.com,no,candidate_unverified,Notion Top 100; no live Inoreader account check
"Industry / corporates","Tekever",https://www.tekever.com,no,candidate_unverified,Notion Top 100; no live Inoreader account check
"Industry / corporates","Kratos Defense",https://www.kratosdefense.com,no,candidate_unverified,Notion Top 100; no live Inoreader account check
"Industry / corporates","L3Harris",https://www.l3harris.com,no,candidate_unverified,Notion Top 100; no live Inoreader account check
"Industry / corporates","Bharat Electronics",https://bel-india.in,no,candidate_unverified,Notion Top 100; no live Inoreader account check
"Industry / corporates","Hindustan Aeronautics",https://hal-india.co.in,no,candidate_unverified,Notion Top 100; no live Inoreader account check
"Investments / accelerators / aid / events","NATO DIANA",https://www.diana.nato.int,no,candidate_unverified,Notion Top 100; no live Inoreader account check
"Investments / accelerators / aid / events","NATO Innovation Fund",https://www.nif.fund,no,candidate_unverified,Notion Top 100; no live Inoreader account check
"Investments / accelerators / aid / events","European Investment Fund",https://www.eif.org,no,candidate_unverified,Notion Top 100; no live Inoreader account check
"Investments / accelerators / aid / events","European Investment Bank",https://www.eib.org,no,candidate_unverified,Notion Top 100; no live Inoreader account check
"Investments / accelerators / aid / events","European Innovation Council",https://eic.ec.europa.eu,no,candidate_unverified,Notion Top 100; no live Inoreader account check
"Investments / accelerators / aid / events","Defense Innovation Unit",https://www.diu.mil,no,candidate_unverified,Notion Top 100; no live Inoreader account check
"Investments / accelerators / aid / events","AFWERX",https://afwerx.com,no,candidate_unverified,Notion Top 100; no live Inoreader account check
"Investments / accelerators / aid / events","Army Applications Laboratory",https://aal.army,no,candidate_unverified,Notion Top 100; no live Inoreader account check
"Investments / accelerators / aid / events","In-Q-Tel",https://www.iqt.org,no,candidate_unverified,Notion Top 100; no live Inoreader account check
"Investments / accelerators / aid / events","Starburst Aerospace",https://starburst.aero,no,candidate_unverified,Notion Top 100; no live Inoreader account check
"Investments / accelerators / aid / events","Seraphim Space",https://seraphim.vc,no,candidate_unverified,Notion Top 100; no live Inoreader account check
"Investments / accelerators / aid / events","Crunchbase News",https://news.crunchbase.com,no,candidate_unverified,Notion Top 100; no live Inoreader account check
"Investments / accelerators / aid / events","Sifted",https://sifted.eu,no,candidate_unverified,Notion Top 100; no live Inoreader account check
"Investments / accelerators / aid / events","Tech.eu",https://tech.eu,no,candidate_unverified,Notion Top 100; no live Inoreader account check
"Investments / accelerators / aid / events","Kiel Ukraine Support Tracker",https://www.kielinstitut.de/research/topics/war-against-ukraine/ukraine-support-tracker/,no,candidate_unverified,Notion Top 100; no live Inoreader account check
"Investments / accelerators / aid / events","Ramstein UDCG / Ukraine MoD",https://mod.gov.ua,no,candidate_unverified,Notion Top 100; no live Inoreader account check
"Investments / accelerators / aid / events","DSEI UK",https://www.dsei.co.uk,no,candidate_unverified,Notion Top 100; no live Inoreader account check
"Investments / accelerators / aid / events","Eurosatory",https://www.eurosatory.com,no,candidate_unverified,Notion Top 100; no live Inoreader account check
"Investments / accelerators / aid / events","World Defense Show",https://www.worlddefenseshow.com,no,candidate_unverified,Notion Top 100; no live Inoreader account check
"Investments / accelerators / aid / events","IDEX UAE",https://www.idexuae.ae,no,candidate_unverified,Notion Top 100; no live Inoreader account check
"Investments / accelerators / aid / events","DSA Malaysia",https://www.dsaexhibition.com,no,candidate_unverified,Notion Top 100; no live Inoreader account check
"Investments / accelerators / aid / events","Aero India",https://www.aeroindia.gov.in,no,candidate_unverified,Notion Top 100; no live Inoreader account check
"Investments / accelerators / aid / events","AUSA Annual Meeting",https://meetings.ausa.org,no,candidate_unverified,Notion Top 100; no live Inoreader account check
"Investments / accelerators / aid / events","CANSEC",https://www.defenceandsecurity.ca/CANSEC/,no,candidate_unverified,Notion Top 100; no live Inoreader account check
"Investments / accelerators / aid / events","Milipol Paris",https://www.milipol.com,no,candidate_unverified,Notion Top 100; no live Inoreader account check
"Investments / accelerators / aid / events","Kiel Institute News",https://www.kielinstitut.de,no,candidate_unverified,Notion Top 100; no live Inoreader account check
"Additional sources — completion to 100","MSPO Defence Exhibition",https://www.targikielce.pl/en/mspo,yes,candidate_unverified,Notion Top 100; no live Inoreader account check
"Additional sources — completion to 100","LIMA Malaysia",https://www.lima2025.com,no,candidate_unverified,Notion Top 100; no live Inoreader account check
"Additional sources — completion to 100","European Defence Fund programme",https://defence-industry-space.ec.europa.eu/eu-defence-industry/european-defence-fund-edf_en,no,candidate_unverified,Notion Top 100; no live Inoreader account check
"Additional sources — completion to 100","European Union Sanctions Map",https://www.sanctionsmap.eu,no,candidate_unverified,Notion Top 100; no live Inoreader account check
