name,url,jurisdiction,source_family,signal_types,connection_path,provenance_class,verification_status
"Defense News RSS","https://www.defensenews.com/m/rss/","global","defence_media","news;industry_capacity;procurement_award","rss_index","official_publisher","source_or_channel_known_feed_not_necessarily_verified"
"US Department of Defense RSS","https://www.defense.gov/news/rss","US","government_news","procurement_award;policy_budgets;security_market","rss_index","official_publisher","source_or_channel_known_feed_not_necessarily_verified"
"EDA latest news","https://eda.europa.eu/news-and-events/news","EU","government_news","innovation_rd;procurement_pipeline;policy_budgets","html_listing","official_publisher","source_or_channel_known_feed_not_necessarily_verified"
"EDA press releases","https://eda.europa.eu/news-and-events/press-office/latest-press-releases","EU","government_news","law_regulation;industry_capacity;policy_budgets","html_listing","official_publisher","source_or_channel_known_feed_not_necessarily_verified"
"EDA engagement calendar","https://eda.europa.eu/what-we-do/industry-engagement/industry-engagement-roadmap","EU","events","events_networks;innovation_rd;procurement_pipeline","html_calendar","official_publisher","source_or_channel_known_feed_not_necessarily_verified"
"JRC Raw Materials defence","https://rmis.jrc.ec.europa.eu/defence","EU","research_institute","critical_materials;research_analysis","research_portal","official_publisher","source_or_channel_known_feed_not_necessarily_verified"
"JRC news","https://joint-research-centre.ec.europa.eu/jrc-news-and-updates_en","EU","research_institute","critical_materials;research_analysis;innovation_rd","html_listing","official_publisher","source_or_channel_known_feed_not_necessarily_verified"
"UK MOD event support","https://www.gov.uk/government/publications/defence-event-and-exhibition-support","UK","events","events_networks;security_market","html_document","official_publisher","source_or_channel_known_feed_not_necessarily_verified"
"Portugal MoD agenda","https://www.defesa.gov.pt/pt/comunicacao/agenda/Paginas/default.aspx","PT","events","events_networks;policy_budgets","html_calendar","official_publisher","source_or_channel_known_feed_not_necessarily_verified"
"Defence SA events and missions","https://defencesa.com/news-events-and-media/events-and-trade-missions/","AU","events","events_networks;capital_investments","html_calendar","official_publisher","source_or_channel_known_feed_not_necessarily_verified"
"US Grants.gov","https://www.grants.gov/search-grants","US","grants","grants_challenges;innovation_rd","official_api_candidate","official_publisher","source_or_channel_known_feed_not_necessarily_verified"
"EU Funding Tenders Portal","https://ec.europa.eu/info/funding-tenders/opportunities/portal/screen/home","EU","grants","grants_challenges;procurement_pipeline","official_api_candidate","official_publisher","source_or_channel_known_feed_not_necessarily_verified"
"US SAM.gov Contract Opportunities","https://sam.gov/content/opportunities","US","procurement","procurement_award;procurement_pipeline","official_api_candidate","official_publisher","source_or_channel_known_feed_not_necessarily_verified"
"TED EU public tenders","https://ted.europa.eu/en/","EU","procurement","procurement_award;procurement_pipeline","official_api_existing","official_publisher","source_or_channel_known_feed_not_necessarily_verified"
"USAspending federal awards","https://www.usaspending.gov/","US","procurement","procurement_award;industry_capacity","official_api_candidate","official_publisher","source_or_channel_known_feed_not_necessarily_verified"
"EUR-Lex EU law","https://eur-lex.europa.eu/","EU","regulation","law_regulation;critical_materials;security_market","official_api_candidate","official_publisher","source_or_channel_known_feed_not_necessarily_verified"
"European Commission DG GROW","https://single-market-economy.ec.europa.eu/news_en","EU","regulation","law_regulation;critical_materials;industry_capacity","html_listing","official_publisher","source_or_channel_known_feed_not_necessarily_verified"
"European Commission Trade","https://policy.trade.ec.europa.eu/news_en","EU","regulation","security_market;law_regulation;critical_materials","html_listing","official_publisher","source_or_channel_known_feed_not_necessarily_verified"
"US Federal Register","https://www.federalregister.gov/","US","regulation","law_regulation;critical_materials;security_market","official_api_candidate","official_publisher","source_or_channel_known_feed_not_necessarily_verified"
"US BIS","https://www.bis.gov/","US","regulation","law_regulation;security_market;critical_materials","site_seed","official_publisher","source_or_channel_known_feed_not_necessarily_verified"
"NATO DIANA","https://www.diana.nato.int/","NATO","accelerator","grants_challenges;innovation_rd;events_networks","site_seed","official_publisher","source_or_channel_known_feed_not_necessarily_verified"
"NATO Innovation Fund","https://www.nif.fund/","NATO","investment_fund","capital_investments;innovation_rd","site_seed","official_publisher","source_or_channel_known_feed_not_necessarily_verified"
"European Investment Fund","https://www.eif.org/","EU","investment_fund","capital_investments;grants_challenges","site_seed","official_publisher","source_or_channel_known_feed_not_necessarily_verified"
"European Investment Bank","https://www.eib.org/","EU","investment_fund","capital_investments;critical_materials;innovation_rd","site_seed","official_publisher","source_or_channel_known_feed_not_necessarily_verified"
"European Innovation Council","https://eic.ec.europa.eu/","EU","accelerator","grants_challenges;capital_investments;innovation_rd","site_seed","official_publisher","source_or_channel_known_feed_not_necessarily_verified"
"Defense Innovation Unit","https://www.diu.mil/latest","US","accelerator","innovation_rd;procurement_pipeline;grants_challenges","html_listing","official_publisher","source_or_channel_known_feed_not_necessarily_verified"
"DASA UK","https://www.gov.uk/government/organisations/defence-and-security-accelerator","UK","accelerator","grants_challenges;innovation_rd","atom_candidate","official_publisher","source_or_channel_known_feed_not_necessarily_verified"
"AFWERX","https://afwerx.com/","US","accelerator","grants_challenges;innovation_rd;events_networks","site_seed","official_publisher","source_or_channel_known_feed_not_necessarily_verified"
"In-Q-Tel","https://www.iqt.org/","US","investment_fund","capital_investments;innovation_rd","site_seed","official_publisher","source_or_channel_known_feed_not_necessarily_verified"
"Starburst Aerospace","https://starburst.aero/","global","accelerator","capital_investments;innovation_rd;events_networks","site_seed","official_publisher","source_or_channel_known_feed_not_necessarily_verified"
"Seraphim Space","https://seraphim.vc/","UK","investment_fund","capital_investments;innovation_rd","site_seed","official_publisher","source_or_channel_known_feed_not_necessarily_verified"
"NATO news","https://www.nato.int/en/news-and-events/news","NATO","government_news","policy_budgets;innovation_rd;procurement_pipeline","html_listing","official_publisher","source_or_channel_known_feed_not_necessarily_verified"
"NATO NSPA","https://www.nspa.nato.int/","NATO","procurement","procurement_award;procurement_pipeline","site_seed","official_publisher","source_or_channel_known_feed_not_necessarily_verified"
"DSEI UK","https://www.dsei.co.uk/","UK","events","events_networks;innovation_rd","site_seed","official_publisher","source_or_channel_known_feed_not_necessarily_verified"
"Eurosatory","https://www.eurosatory.com/","FR","events","events_networks;industry_capacity","site_seed","official_publisher","source_or_channel_known_feed_not_necessarily_verified"
"World Defense Show","https://www.worlddefenseshow.com/","SA","events","events_networks;innovation_rd","site_seed","official_publisher","source_or_channel_known_feed_not_necessarily_verified"
"IDEX UAE","https://www.idexuae.ae/","AE","events","events_networks;industry_capacity","site_seed","official_publisher","source_or_channel_known_feed_not_necessarily_verified"
"DSA Malaysia","https://www.dsaexhibition.com/","MY","events","events_networks;industry_capacity","site_seed","official_publisher","source_or_channel_known_feed_not_necessarily_verified"
"Aero India","https://www.aeroindia.gov.in/","IN","events","events_networks;innovation_rd","site_seed","official_publisher","source_or_channel_known_feed_not_necessarily_verified"
"AUSA Annual Meeting","https://meetings.ausa.org/","US","events","events_networks;industry_capacity","site_seed","official_publisher","source_or_channel_known_feed_not_necessarily_verified"
"CANSEC","https://www.defenceandsecurity.ca/CANSEC/","CA","events","events_networks;industry_capacity","site_seed","official_publisher","source_or_channel_known_feed_not_necessarily_verified"
"Milipol","https://www.milipol.com/","FR","events","events_networks;law_regulation","site_seed","official_publisher","source_or_channel_known_feed_not_necessarily_verified"
"RAND defense","https://www.rand.org/topics/defense-and-security.html","US","think_tank","research_analysis;policy_budgets;innovation_rd","site_seed","official_publisher","source_or_channel_known_feed_not_necessarily_verified"
"RUSI","https://www.rusi.org/","UK","think_tank","research_analysis;law_regulation;critical_materials","site_seed","official_publisher","source_or_channel_known_feed_not_necessarily_verified"
"CSIS","https://www.csis.org/","US","think_tank","research_analysis;security_market;critical_materials","site_seed","official_publisher","source_or_channel_known_feed_not_necessarily_verified"
"SIPRI","https://www.sipri.org/","SE","research_institute","research_analysis;security_market;policy_budgets","site_seed","official_publisher","source_or_channel_known_feed_not_necessarily_verified"
"IISS","https://www.iiss.org/","UK","think_tank","research_analysis;security_market;policy_budgets","site_seed","official_publisher","source_or_channel_known_feed_not_necessarily_verified"
"Kiel Ukraine Support Tracker","https://www.kielinstitut.de/research/topics/war-against-ukraine/ukraine-support-tracker/","DE","research_institute","research_analysis;policy_budgets","site_seed","official_publisher","source_or_channel_known_feed_not_necessarily_verified"
"Breaking Defense","https://breakingdefense.com/","US","defence_media","innovation_rd;procurement_award;industry_capacity","rss_discovery","official_publisher","source_or_channel_known_feed_not_necessarily_verified"
"Naval News","https://www.navalnews.com/","global","defence_media","innovation_rd;procurement_award;security_market","rss_discovery","official_publisher","source_or_channel_known_feed_not_necessarily_verified"
"Defense One","https://www.defenseone.com/","US","defence_media","policy_budgets;procurement_award;innovation_rd","rss_or_newsletters","official_publisher","source_or_channel_known_feed_not_necessarily_verified"
"Tech.eu","https://tech.eu/","EU","investment_media","capital_investments;innovation_rd","rss_discovery","official_publisher","source_or_channel_known_feed_not_necessarily_verified"
"Sifted","https://sifted.eu/","EU","investment_media","capital_investments;innovation_rd","rss_discovery","official_publisher","source_or_channel_known_feed_not_necessarily_verified"
